"","Gene","Function","logFC.EXPO1X","logFC.EXPO1000X","FDR","NDD","Thyroid","Estrogen","PPAR","Progesterone","Androgen","Retinoic","Corticoid"
"ABCC9","ABCC9","DEG",-0.403909464484482,-0.502715872065733,0.0184806623276838,"NO","NO","Estrogen","NO","NO","NO","NO","NO"
"ABLIM3","ABLIM3","DEG",-0.218519798686307,-0.525698080023211,0.0120667406550169,"NO","NO","Estrogen","NO","NO","Androgen","NO","NO"
"ACRBP","ACRBP","DEG",-0.463221498139088,-0.777316533008405,0.0113367525386081,"NO","Thyroid","NO","NO","NO","NO","NO","NO"
"ACTN2","ACTN2","DEG",-0.454784701751081,-0.689801484576385,0.0378309269223369,"NO","NO","NO","NO","NO","Androgen","NO","NO"
"ADAM11","ADAM11","DEG",-0.314349777108543,-0.748448016159188,0.000365068056502048,"NO","Thyroid","Estrogen","PPAR","NO","NO","NO","NO"
"ADAM12","ADAM12","DEG",-0.453247734523945,-1.13190117882912,0.000626329044586337,"NO","Thyroid","NO","NO","NO","NO","NO","NO"
"ADAM20","ADAM20","DEG",-0.680251683339829,-0.727917387697188,0.0143396356171099,"NO","NO","NO","NO","NO","Androgen","NO","NO"
"ADAM21","ADAM21","DEG",-0.921885099340767,-1.19912864189894,0.00103269316847712,"NO","NO","NO","NO","NO","Androgen","NO","NO"
"ADGRL2","ADGRL2","DEG",-0.0298275939718595,-0.604584580097358,0.00629381287410503,"YES","Thyroid","Estrogen","NO","NO","NO","Retinoic","Corticoid"
"AKR1C2","AKR1C2","DEG",-0.345391449967661,-0.583948903261972,0.0290154001636307,"NO","NO","NO","NO","Progesterone","Androgen","NO","NO"
"ANGPTL4","ANGPTL4","DEG",-0.195872056385937,0.607589383686611,0.000318287328206541,"NO","Thyroid","Estrogen","PPAR","NO","NO","NO","Corticoid"
"ANKRD37","ANKRD37","DEG",0.111606838644086,0.537055120560275,0.0278612170125493,"NO","NO","Estrogen","NO","NO","Androgen","NO","NO"
"APOBEC2","APOBEC2","DEG",-0.585092468553657,-0.710182021067935,0.0158417080342668,"NO","Thyroid","NO","NO","NO","NO","NO","NO"
"APOE","APOE","DEG",0.479960059456929,0.70051114421665,0.0059439092813967,"NO","NO","Estrogen","PPAR","Progesterone","NO","Retinoic","NO"
"AR","AR","PsychencodeTF",0.382061409731406,-0.100862342985802,0.000408697952222762,"YES","Thyroid","Estrogen","NO","Progesterone","Androgen","NO","NO"
"ARMCX4","ARMCX4","DEG",-0.541263716045507,-0.595561456926151,0.000117081046024042,"NO","Thyroid","NO","NO","NO","NO","NO","NO"
"ARNT2","ARNT2","PsychencodeTF",0.196113227514918,0.212381495046142,0.0224030541508607,"YES","NO","Estrogen","NO","Progesterone","NO","NO","NO"
"ARPP21","ARPP21","DEG",-0.374848983800243,-0.806378752854424,0.0198129271855625,"NO","NO","Estrogen","NO","NO","NO","NO","NO"
"ATF5","ATF5","PsychencodeTF",-0.00799578200739643,0.386456761534288,0.0325992578694302,"NO","Thyroid","Estrogen","PPAR","NO","NO","Retinoic","Corticoid"
"ATG9B","ATG9B","DEG",-0.549169640341461,-0.0904593331446291,0.0397295726220233,"NO","Thyroid","NO","NO","NO","NO","NO","NO"
"BCL11B","BCL11B","PsychencodeTF",0.302632587606205,0.358690507925577,0.0168330490287992,"YES","NO","Estrogen","NO","NO","NO","NO","NO"
"BCO1","BCO1","DEG",-0.117743368060145,0.549212553088567,0.0329167482637771,"NO","Thyroid","NO","NO","NO","NO","NO","NO"
"BEAN1","BEAN1","DEG",-0.494740571201158,-0.692416386587935,0.0136364924143463,"NO","NO","Estrogen","NO","NO","NO","NO","NO"
"BMPER","BMPER","DEG",-0.170773830641646,-1.00046712374517,0.0337769482573724,"NO","Thyroid","Estrogen","NO","NO","NO","Retinoic","NO"
"BNC2","BNC2","DEG",-0.162343361306179,-0.997317188949141,0.00743214564780831,"NO","NO","NO","NO","NO","Androgen","NO","NO"
"BRD3","BRD3","DEG",0.492718962897705,0.589662449173081,0.0152055342752791,"NO","NO","NO","PPAR","NO","NO","NO","Corticoid"
"BRINP3","BRINP3","DEG",-0.880345467969379,-0.313432903090704,0.042266792805655,"YES","NO","NO","NO","NO","NO","Retinoic","NO"
"C1QTNF7","C1QTNF7","DEG",-0.781850005964527,-1.01474193650497,0.00334633238570132,"NO","Thyroid","NO","NO","NO","NO","NO","NO"
"C4orf19","C4orf19","DEG",0.0374948774273088,0.622008458332561,0.00345485450179155,"NO","Thyroid","NO","NO","NO","Androgen","NO","NO"
"C4orf48","C4orf48","DEG",1.00296175477924,1.13868814058214,0.0221409206971639,"NO","Thyroid","NO","NO","Progesterone","NO","NO","NO"
"CA13","CA13","DEG",-0.330024624990828,-0.590366492756576,0.0287009687999792,"NO","Thyroid","NO","NO","NO","NO","NO","NO"
"CALB1","CALB1","DEG",0.615933590365786,0.259355927342253,0.0124797794290657,"NO","NO","Estrogen","NO","Progesterone","NO","NO","NO"
"CALB2","CALB2","DEG",-0.00446255864007065,-1.26001199223954,0.000203270232213033,"NO","NO","Estrogen","NO","NO","NO","NO","NO"
"CBLN2","CBLN2","DEG",-0.0420123053469026,-0.56658907262171,0.00448649464565417,"NO","Thyroid","NO","NO","NO","NO","NO","NO"
"CCDC124","CCDC124","DEG",0.420711536468938,0.535296957996334,0.0185342185483846,"NO","Thyroid","NO","PPAR","NO","NO","NO","NO"
"CCDC136","CCDC136","DEG",-0.390163820634222,-0.512032924420048,0.000115652320415034,"NO","Thyroid","NO","NO","NO","NO","NO","NO"
"CCDC85B","CCDC85B","DEG",0.98394542808839,1.02977125591527,0.0103853940831626,"NO","Thyroid","Estrogen","NO","NO","NO","NO","NO"
"CCDC86","CCDC86","DEG",0.289129013881499,0.54230868306167,0.0159389529439372,"NO","Thyroid","Estrogen","NO","Progesterone","Androgen","NO","Corticoid"
"CEBPB","CEBPB","PsychencodeTF&DEG",0.59112746171814,0.580468031493807,0.0175515259034779,"NO","Thyroid","Estrogen","PPAR","Progesterone","Androgen","Retinoic","Corticoid"
"CEL","CEL","DEG",-0.842467761686196,-0.295625072796856,0.0035486128610924,"NO","Thyroid","Estrogen","NO","NO","NO","NO","NO"
"CENPA","CENPA","DEG",0.55724182373281,0.447381887892277,0.0267133519501787,"NO","Thyroid","NO","NO","Progesterone","NO","NO","NO"
"CENPB","CENPB","PsychencodeTF",0.0997016216463671,0.221288092777923,0.0170637621250047,"NO","Thyroid","NO","NO","Progesterone","NO","NO","NO"
"CNN1","CNN1","DEG",-0.477752798180282,-0.737184263054846,0.0236011533662439,"NO","NO","NO","NO","Progesterone","NO","NO","NO"
"COL12A1","COL12A1","DEG",-0.57706816998572,-2.00465748908153,0.000528217557308281,"NO","Thyroid","Estrogen","NO","NO","NO","NO","NO"
"COL14A1","COL14A1","DEG",-0.415281403337354,-1.42816604579296,0.00549307939186351,"NO","Thyroid","NO","NO","Progesterone","NO","NO","NO"
"COL16A1","COL16A1","DEG",-0.351160445181752,-1.60459499895255,0.000302114510590987,"NO","Thyroid","Estrogen","NO","Progesterone","NO","Retinoic","NO"
"COL18A1","COL18A1","DEG",0.571802124558001,0.446182594442239,0.00715939162561959,"NO","Thyroid","Estrogen","PPAR","Progesterone","NO","Retinoic","Corticoid"
"COL1A1","COL1A1","DEG",-0.277380167526793,-1.93311597902027,0.00152236339043835,"NO","Thyroid","Estrogen","NO","Progesterone","NO","Retinoic","Corticoid"
"COL1A2","COL1A2","DEG",-0.311737572443864,-2.21440519556264,0.000657612606998377,"NO","Thyroid","NO","NO","Progesterone","NO","NO","NO"
"COL3A1","COL3A1","DEG",-0.356264282295414,-2.47024630242563,0.000485604023406727,"NO","Thyroid","NO","NO","Progesterone","NO","NO","NO"
"COL5A2","COL5A2","DEG",-0.137192140510986,-0.550423310552157,0.00375844717091622,"NO","NO","Estrogen","NO","Progesterone","NO","NO","NO"
"COL5A3","COL5A3","DEG",-0.490013458918549,-1.26569777474374,0.00795310467624935,"YES","Thyroid","NO","NO","NO","NO","NO","NO"
"COL6A3","COL6A3","DEG",0.172415897977239,-1.57403081976256,0.00105517374919419,"NO","Thyroid","Estrogen","NO","Progesterone","NO","NO","NO"
"COL9A2","COL9A2","DEG",0.695062143900674,0.56945826193145,0.00328019970215548,"NO","NO","NO","NO","NO","NO","Retinoic","NO"
"COLGALT2","COLGALT2","DEG",0.544232106333767,0.232961790753671,0.015063089896998,"NO","Thyroid","NO","NO","NO","NO","NO","NO"
"COX7B","COX7B","DEG",-0.413426254745475,-0.369954768688896,0.00141749757330694,"NO","Thyroid","Estrogen","PPAR","Progesterone","NO","NO","NO"
"CPED1","CPED1","DEG",-0.372960059893656,-2.29379053622183,0.00172342996034594,"NO","Thyroid","NO","NO","NO","NO","NO","NO"
"CRISPLD2","CRISPLD2","DEG",0.628482527757186,0.101087205408324,0.0379432471031565,"NO","Thyroid","Estrogen","PPAR","NO","Androgen","NO","Corticoid"
"CRYAB","CRYAB","DEG",0.138472226433233,0.707235044737769,0.00309263272499865,"NO","Thyroid","Estrogen","PPAR","NO","Androgen","NO","Corticoid"
"CSAD","CSAD","DEG",-0.519211175986888,-0.384957903017939,0.0261243917535783,"NO","Thyroid","Estrogen","PPAR","NO","NO","NO","Corticoid"
"CTSK","CTSK","DEG",-0.300072207223094,-0.777062900256378,0.00146248596828294,"NO","Thyroid","Estrogen","PPAR","NO","Androgen","NO","NO"
"CXCL12","CXCL12","DEG",0.0514153808071328,-0.610699101620344,0.0331414400810977,"NO","Thyroid","Estrogen","PPAR","NO","NO","NO","NO"
"CYP2D7","CYP2D7","DEG",-0.416169292438954,-0.663853249972647,0.0374287578199318,"NO","Thyroid","NO","NO","NO","NO","NO","NO"
"CYP3A5","CYP3A5","DEG",-0.463904334362745,-0.993190361456499,0.0027106928549217,"NO","Thyroid","Estrogen","NO","NO","NO","Retinoic","NO"
"DAAM2","DAAM2","DEG",-0.22065612733336,-0.648890342313847,0.0102386981404904,"NO","Thyroid","NO","NO","NO","NO","NO","NO"
"DCN","DCN","DEG",-0.188022171899347,-1.27122583957837,0.00610575121046428,"NO","Thyroid","Estrogen","NO","NO","NO","NO","NO"
"DDIT4L","DDIT4L","DEG",0.716754079749823,0.587743144162443,0.00610575121046428,"NO","Thyroid","NO","NO","NO","Androgen","NO","NO"
"DES","DES","DEG",-0.0709773395562318,-0.749341118793084,0.0297055929586817,"NO","Thyroid","NO","NO","Progesterone","NO","NO","NO"
"DHRS2","DHRS2","DEG",0.0642907879822127,-0.609808461414797,0.0354105101310009,"NO","NO","Estrogen","NO","NO","NO","Retinoic","NO"
"DKK1","DKK1","DEG",-0.526828026118269,-1.11058230311558,0.0239090755665099,"NO","NO","Estrogen","NO","NO","NO","Retinoic","NO"
"DKKL1","DKKL1","DEG",0.202259340288256,0.553302818779032,0.0198513466710138,"NO","NO","NO","NO","Progesterone","Androgen","Retinoic","NO"
"DNAJA4","DNAJA4","DEG",0.00813750611144551,-0.684412559635187,0.0184804085793337,"NO","Thyroid","Estrogen","PPAR","NO","NO","NO","NO"
"DNM3OS","DNM3OS","DEG",-0.650637518147545,-1.12271818090213,0.00446470312361637,"NO","NO","NO","NO","Progesterone","NO","NO","NO"
"DPF3","DPF3","DEG",-0.312849811682775,-0.896524761335032,0.0101344038510078,"NO","Thyroid","NO","NO","NO","NO","NO","NO"
"DPYD","DPYD","DEG",-0.419650915779804,-0.591270834998584,0.00525812971900212,"YES","Thyroid","Estrogen","NO","NO","NO","NO","NO"
"DRD2","DRD2","DEG",0.170673560788749,-0.657846670591523,0.0147116784345164,"YES","Thyroid","NO","NO","NO","NO","NO","NO"
"E2F3","E2F3","PsychencodeTF",0.324620731855959,0.159544508015238,0.0299804833772516,"NO","Thyroid","NO","NO","NO","NO","NO","NO"
"EBF1","EBF1","PsychencodeTF&DEG",-0.0944789048831607,-0.594415264694554,0.0034617692200074,"NO","NO","NO","NO","Progesterone","NO","NO","NO"
"EBLN2","EBLN2","DEG",-0.596544403519355,-0.566983175159947,0.00597289294055474,"NO","NO","Estrogen","NO","NO","NO","NO","NO"
"EDNRA","EDNRA","DEG",-0.183450995287246,-1.51644564860499,0.000534755878262269,"YES","Thyroid","NO","NO","NO","NO","NO","NO"
"EFNA5","EFNA5","DEG",0.510440046202,-0.124554051449789,0.0120667406550169,"NO","Thyroid","Estrogen","NO","NO","NO","NO","NO"
"EFNB3","EFNB3","DEG",-0.13030254509344,-0.546455265587588,0.0015174870250371,"NO","NO","Estrogen","NO","NO","Androgen","NO","NO"
"EGF","EGF","DEG",-0.833542073649662,-0.342255916679542,0.0445673206164762,"NO","NO","Estrogen","NO","NO","NO","NO","NO"
"EMILIN1","EMILIN1","DEG",0.32072501668959,-0.930676594908432,0.00157867400664463,"NO","Thyroid","NO","NO","NO","NO","NO","NO"
"ENG","ENG","DEG",-0.224592642806124,-0.554890941615859,0.0492228536300098,"NO","Thyroid","NO","NO","NO","NO","NO","Corticoid"
"EPHA7","EPHA7","DEG",0.652159567277465,0.308450202761532,0.0337283180941395,"YES","NO","Estrogen","NO","NO","NO","NO","NO"
"ESRRA","ESRRA","PsychencodeTF",0.198367347558817,0.484018034611833,0.00470250825474007,"NO","Thyroid","Estrogen","NO","NO","NO","NO","NO"
"FAM107A","FAM107A","DEG",-0.439795154875567,0.622949790193509,0.0149936706981429,"NO","Thyroid","NO","NO","NO","Androgen","NO","Corticoid"
"FAM183A","FAM183A","DEG",-0.14142429466422,0.594330259660008,0.0402444423535211,"NO","Thyroid","NO","NO","NO","NO","NO","NO"
"FAM83B","FAM83B","DEG",-0.962117509314738,0.254216471116469,0.0239090755665099,"NO","NO","Estrogen","NO","NO","NO","NO","NO"
"FBLN1","FBLN1","DEG",0.563728093706072,0.431424931465714,0.0273759069283273,"YES","Thyroid","NO","NO","NO","Androgen","NO","NO"
"FBLN5","FBLN5","DEG",0.0120755039420293,0.545254432997139,0.00539223729776914,"NO","Thyroid","Estrogen","NO","NO","NO","NO","NO"
"FHDC1","FHDC1","DEG",0.545980727637518,0.183473388633874,0.0156549161254998,"NO","NO","Estrogen","NO","Progesterone","Androgen","NO","Corticoid"
"FOXO3","FOXO3","PsychencodeTF",0.267809109723838,0.186411248646459,0.00134154704068129,"NO","NO","Estrogen","NO","Progesterone","NO","NO","Corticoid"
"FOXP2","FOXP2","PsychencodeTF&DEG",-0.57048773444805,0.0392195110355539,0.0495748997851194,"YES","NO","NO","NO","NO","Androgen","NO","NO"
"FRZB","FRZB","DEG",0.0364910942196361,0.715110970585281,0.0497089609382218,"NO","Thyroid","NO","NO","NO","NO","NO","NO"
"FST","FST","DEG",-0.237767657546272,-0.787145597561572,0.00678189371689091,"NO","Thyroid","NO","NO","Progesterone","NO","NO","NO"
"GAR1","GAR1","DEG",0.528531735403872,0.648477841657875,0.034571319189588,"NO","Thyroid","NO","NO","NO","NO","NO","NO"
"GK3P","GK3P","DEG",-1.00989726403079,-1.09910043051502,0.0187559837064408,"NO","NO","Estrogen","NO","NO","NO","NO","NO"
"GLYCTK","GLYCTK","DEG",-0.562165613177689,-0.607612845073322,0.000323985735078871,"NO","NO","Estrogen","PPAR","NO","NO","NO","NO"
"GOLGA8A","GOLGA8A","DEG",-0.425477365404927,-0.54247695500467,0.00079778918084412,"NO","Thyroid","NO","NO","NO","NO","NO","NO"
"GOLGA8B","GOLGA8B","DEG",-0.487325847839458,-0.59904953777438,0.000534755878262269,"YES","Thyroid","NO","NO","NO","NO","NO","NO"
"GPNMB","GPNMB","DEG",-0.228699922377794,0.564383590622833,0.00141749757330694,"NO","Thyroid","Estrogen","PPAR","NO","NO","NO","NO"
"GPR182","GPR182","DEG",-0.711748182198088,-1.03011268056562,0.0172480139569407,"NO","Thyroid","NO","NO","NO","NO","NO","NO"
"GPR82","GPR82","DEG",-0.518135060839304,-0.807786095142643,0.0316776880399385,"NO","Thyroid","NO","NO","NO","NO","NO","NO"
"GRB14","GRB14","DEG",-0.515442522941511,-0.0218124856126687,0.0487654624533458,"NO","Thyroid","Estrogen","PPAR","Progesterone","NO","NO","Corticoid"
"GREM1","GREM1","DEG",-0.166163090941713,-1.83763548416877,0.0018709763968082,"NO","Thyroid","NO","NO","NO","NO","NO","NO"
"GRHL1","GRHL1","PsychencodeTF",-0.17600581694507,-0.348999837665927,0.0372722818935804,"NO","Thyroid","Estrogen","NO","NO","NO","NO","Corticoid"
"GRHL3","GRHL3","DEG",-0.530398433010649,-0.984098821839543,0.0473804622750479,"NO","NO","Estrogen","NO","NO","NO","Retinoic","NO"
"H19","H19","DEG",-0.343241678838916,-0.999636781182221,0.0087049194877047,"NO","NO","Estrogen","PPAR","NO","NO","Retinoic","NO"
"H1F0","H1F0","DEG",0.362721867589925,0.755919131938467,0.00419545106504913,"NO","NO","Estrogen","PPAR","NO","NO","Retinoic","Corticoid"
"H1FX","H1FX","DEG",0.439168600824731,0.518360863417708,0.00082138809680567,"NO","NO","Estrogen","NO","Progesterone","NO","NO","NO"
"H2AFX","H2AFX","DEG",0.591783350382836,0.625660509217545,0.00933137749159509,"NO","NO","Estrogen","NO","NO","Androgen","NO","Corticoid"
"HAP1","HAP1","DEG",-0.600276670624907,-0.291344216268987,0.0343567908389117,"NO","Thyroid","NO","NO","NO","NO","NO","NO"
"HES6","HES6","DEG",0.310443240151217,0.519036621920379,0.00783061595606716,"NO","Thyroid","Estrogen","PPAR","NO","Androgen","NO","Corticoid"
"HMBOX1","HMBOX1","PsychencodeTF",-0.16766682765602,-0.244103744310247,0.0328401960770191,"YES","NO","NO","NO","NO","Androgen","NO","NO"
"HRC","HRC","DEG",-0.877256639233387,-1.18501646809886,0.00246176936126513,"NO","NO","Estrogen","NO","NO","NO","NO","NO"
"HS3ST3A1","HS3ST3A1","DEG",0.567522356595309,0.0255630269456754,0.0242565598550736,"NO","NO","NO","NO","NO","NO","Retinoic","NO"
"HSF1","HSF1","PsychencodeTF",0.00802310130249666,0.145860394938002,0.0257237603788612,"NO","NO","Estrogen","NO","NO","NO","NO","NO"
"HSPB1","HSPB1","DEG",0.22004178138249,0.510704373200371,0.00270028914780575,"NO","Thyroid","Estrogen","PPAR","Progesterone","Androgen","NO","Corticoid"
"ID1","ID1","PsychencodeTF&DEG",0.585873456649562,0.455182340930405,0.0111299048497952,"NO","Thyroid","Estrogen","PPAR","Progesterone","Androgen","Retinoic","Corticoid"
"ID3","ID3","DEG",0.562627714483292,0.279668963530445,0.00610575121046428,"NO","Thyroid","Estrogen","PPAR","Progesterone","NO","Retinoic","Corticoid"
"IFIT2","IFIT2","DEG",-0.487161413093792,-0.698108953642981,0.0322382009343235,"NO","Thyroid","Estrogen","NO","Progesterone","Androgen","NO","NO"
"IGDCC3","IGDCC3","DEG",-0.408062350921549,-0.631381359620707,0.0334588216734366,"NO","NO","Estrogen","NO","NO","NO","NO","NO"
"IGSF21","IGSF21","DEG",0.48237729525361,0.603077124740883,0.0312095652520264,"NO","NO","NO","NO","NO","NO","Retinoic","NO"
"INE1","INE1","DEG",-0.404687376683847,-0.545315515639526,0.0227923807603651,"NO","NO","NO","NO","NO","Androgen","NO","NO"
"ISL1","ISL1","DEG",0.511871626143267,-0.127918435790856,0.0237644463235054,"NO","NO","Estrogen","NO","NO","NO","NO","Corticoid"
"JUND","JUND","PsychencodeTF",0.316855271225719,0.373091197321338,0.0313881338302605,"NO","Thyroid","Estrogen","NO","NO","NO","NO","Corticoid"
"KCNMA1","KCNMA1","DEG",-0.658191306277336,-0.33457105881181,0.00365416453688898,"YES","Thyroid","NO","NO","NO","NO","NO","NO"
"KDM6B","KDM6B","DEG",0.284401937468137,0.540849688599816,0.00709214019357763,"YES","Thyroid","Estrogen","NO","NO","NO","NO","NO"
"KIRREL3","KIRREL3","DEG",-0.0607707707788704,-0.514715235931321,0.0175908790360801,"YES","Thyroid","NO","NO","NO","NO","NO","NO"
"KLB","KLB","DEG",-0.35979964694198,-0.643872207045356,0.0277512629434646,"NO","Thyroid","NO","NO","NO","NO","NO","NO"
"KLF16","KLF16","PsychencodeTF",0.342305269040887,0.497622050627645,0.029454171053968,"YES","Thyroid","NO","NO","NO","NO","Retinoic","NO"
"KLF3","KLF3","PsychencodeTF",0.288672190367931,0.215940412477141,0.0274444007155934,"NO","NO","Estrogen","PPAR","NO","NO","NO","NO"
"KLF9","KLF9","PsychencodeTF",0.128777406954011,-0.395840239737478,0.0124797794290657,"NO","Thyroid","NO","NO","Progesterone","Androgen","NO","Corticoid"
"KRT18","KRT18","DEG",0.20628226706473,0.588369305254206,0.00106699356104667,"NO","Thyroid","Estrogen","NO","Progesterone","NO","NO","Corticoid"
"KRT8","KRT8","DEG",0.401864564697718,0.719044774381668,0.00164487997582941,"NO","Thyroid","Estrogen","PPAR","NO","Androgen","NO","Corticoid"
"LGALS1","LGALS1","DEG",-0.0146357910287754,-0.569204461557846,0.0320806560799287,"NO","Thyroid","Estrogen","PPAR","Progesterone","Androgen","Retinoic","NO"
"LGALS3","LGALS3","DEG",-0.128899387801997,0.609277304948183,0.00309263272499865,"NO","Thyroid","NO","NO","Progesterone","Androgen","NO","NO"
"LPL","LPL","DEG",0.491314262627829,0.498510043575508,0.0158553123886704,"NO","Thyroid","Estrogen","PPAR","Progesterone","NO","Retinoic","Corticoid"
"LSM10","LSM10","DEG",0.480359842883233,0.940157242278284,0.0295274623508717,"NO","Thyroid","Estrogen","NO","Progesterone","Androgen","NO","Corticoid"
"LUM","LUM","DEG",-0.507439692338041,-1.44119271180729,0.00153913915653368,"NO","Thyroid","NO","NO","Progesterone","Androgen","NO","NO"
"MAP1S","MAP1S","DEG",0.476834332563447,0.616833086919475,0.000528217557308281,"NO","Thyroid","NO","NO","NO","NO","NO","NO"
"MAP3K5","MAP3K5","DEG",-0.00902271615123331,-0.541480651294212,0.00300018337996996,"NO","Thyroid","Estrogen","NO","NO","NO","Retinoic","Corticoid"
"MEF2C","MEF2C","PsychencodeTF",-0.0244277564561738,-0.319869370338206,0.0391610670511797,"YES","Thyroid","NO","NO","NO","NO","NO","Corticoid"
"METRN","METRN","DEG",0.644241602191328,0.549340339271685,0.0108409002069748,"NO","Thyroid","Estrogen","NO","NO","NO","Retinoic","NO"
"MFAP2","MFAP2","DEG",0.366644891915329,0.122791262673627,0.0105860303172066,"NO","NO","Estrogen","PPAR","Progesterone","NO","NO","NO"
"MGP","MGP","DEG",-0.762739966870707,-1.62042704088065,0.0124797794290657,"NO","Thyroid","Estrogen","PPAR","Progesterone","Androgen","Retinoic","NO"
"MPZ","MPZ","DEG",-0.762347736914744,-1.0897938427189,0.0109526060459043,"NO","Thyroid","NO","NO","NO","NO","NO","NO"
"MRPL12","MRPL12","DEG",0.515096073802244,0.85462463736436,0.0178394968256398,"NO","Thyroid","NO","NO","Progesterone","NO","NO","NO"
"MUSTN1","MUSTN1","DEG",-0.557644309390601,-0.727518748633478,0.0179184188756097,"NO","Thyroid","NO","NO","NO","NO","NO","NO"
"MYO7A","MYO7A","DEG",-0.639576287784323,-0.157307059749421,0.0124512358627232,"NO","Thyroid","NO","NO","NO","NO","NO","NO"
"MYRF","MYRF","DEG",-0.286073128108582,-0.571688493994786,0.0156743915663263,"NO","NO","Estrogen","PPAR","Progesterone","NO","Retinoic","NO"
"MZT2B","MZT2B","DEG",0.428369162797042,0.505957356835784,0.0167112104566836,"NO","Thyroid","NO","NO","NO","NO","NO","NO"
"NDUFS7","NDUFS7","DEG",0.416357230539055,0.600994596835162,0.0171057297040959,"NO","Thyroid","Estrogen","NO","NO","NO","NO","NO"
"NEAT1","NEAT1","DEG",-0.510552094880037,-0.46093857265185,0.0396135053251309,"NO","NO","NO","NO","Progesterone","Androgen","NO","NO"
"NEFL","NEFL","DEG",0.17224824561444,-0.674960373302713,0.000117081046024042,"YES","NO","NO","NO","NO","NO","NO","Corticoid"
"NEIL1","NEIL1","DEG",-0.133000476697795,-0.530218094983513,0.00309263272499865,"NO","NO","Estrogen","NO","NO","NO","NO","NO"
"NFE2L1","NFE2L1","PsychencodeTF",0.0248099757865733,0.193026154691834,0.0193324560443889,"NO","Thyroid","Estrogen","PPAR","NO","Androgen","Retinoic","Corticoid"
"NKD2","NKD2","DEG",-0.262834848570132,-0.844675245164736,0.0226793050219415,"NO","NO","Estrogen","NO","NO","NO","Retinoic","NO"
"NQO1","NQO1","DEG",0.18825517156082,0.598139621362394,0.00848403268924318,"NO","Thyroid","Estrogen","PPAR","NO","NO","Retinoic","NO"
"NR1D2","NR1D2","PsychencodeTF",0.185273672893754,0.132422752842898,0.0110802969988135,"NO","Thyroid","Estrogen","NO","Progesterone","NO","NO","Corticoid"
"NR2C1","NR2C1","PsychencodeTF",-0.233385652912258,-0.278303763025911,0.00889259014875534,"NO","Thyroid","NO","NO","NO","NO","Retinoic","NO"
"NR3C2","NR3C2","PsychencodeTF",0.0251848831344553,0.309674349192996,0.00980355612381733,"YES","Thyroid","NO","NO","NO","NO","NO","Corticoid"
"NR5A2","NR5A2","PsychencodeTF&DEG",0.0928044130171977,-0.61992176564139,0.0335567144104761,"NO","Thyroid","Estrogen","NO","NO","NO","NO","NO"
"NR6A1","NR6A1","PsychencodeTF&DEG",-0.248525302392695,-0.580927597128913,0.00459098859703784,"NO","Thyroid","NO","NO","NO","NO","NO","NO"
"NRBP2","NRBP2","DEG",-0.503750158185751,-0.485009121865089,0.000203270232213033,"NO","NO","Estrogen","PPAR","Progesterone","Androgen","Retinoic","Corticoid"
"NUDT13","NUDT13","DEG",-0.544551267113581,-0.527752483157113,0.0366384963034707,"NO","Thyroid","NO","NO","NO","NO","NO","NO"
"OGN","OGN","DEG",-0.163652616295894,-0.933801424490712,0.0134399319229003,"NO","Thyroid","NO","NO","NO","NO","NO","NO"
"OLFM3","OLFM3","DEG",0.514656950529577,0.17292364895133,0.00985638172346825,"YES","Thyroid","NO","NO","NO","NO","NO","NO"
"OLFML1","OLFML1","DEG",-0.614685879596943,-1.07848870575928,0.0117761858077858,"NO","Thyroid","NO","NO","NO","NO","NO","NO"
"ONECUT2","ONECUT2","PsychencodeTF&DEG",0.0244117355028685,-0.639925659232928,0.00175934849593666,"NO","Thyroid","NO","NO","NO","NO","NO","NO"
"P2RX7","P2RX7","DEG",-0.17328863443941,-0.900516953259507,0.0160290087429754,"YES","Thyroid","Estrogen","NO","NO","NO","NO","NO"
"P2RY14","P2RY14","DEG",-0.625015417104674,-1.0029096989946,0.0289595412706884,"NO","Thyroid","NO","NO","NO","NO","NO","NO"
"PABPC1L","PABPC1L","DEG",-0.574583605984179,-0.321335910355615,0.0267133519501787,"NO","Thyroid","NO","NO","NO","NO","NO","NO"
"PAPPA","PAPPA","DEG",-0.476281992688163,-0.721919035467522,0.00549307939186351,"NO","NO","NO","NO","NO","NO","NO","Corticoid"
"PCDH9","PCDH9","DEG",-0.353296480738318,-0.51191575411164,0.00061209823772461,"YES","NO","Estrogen","NO","NO","NO","NO","NO"
"PDIA2","PDIA2","DEG",-0.34175626539161,-0.578018871637952,0.0452010130150742,"NO","Thyroid","NO","NO","NO","NO","NO","NO"
"PDZD7","PDZD7","DEG",-0.419010933198252,-0.893453277672234,0.00198135890545229,"NO","NO","Estrogen","NO","NO","NO","NO","NO"
"PHGDH","PHGDH","DEG",0.338810620038813,0.531806914844318,0.000365068056502048,"NO","Thyroid","Estrogen","NO","NO","NO","NO","NO"
"PKMYT1","PKMYT1","DEG",0.813205610892794,0.765920362345957,0.0110282186376626,"NO","Thyroid","Estrogen","PPAR","NO","NO","NO","NO"
"PLCE1","PLCE1","DEG",-0.532537814382793,0.0862193511865873,0.00164879395586794,"NO","Thyroid","NO","NO","NO","NO","NO","NO"
"PLCXD3","PLCXD3","DEG",-0.127035460941804,-0.548821925221212,0.0133923073243061,"YES","NO","Estrogen","NO","NO","NO","NO","NO"
"PLIN4","PLIN4","DEG",-0.554226613794866,-0.706970012249201,0.00838034354937297,"NO","Thyroid","NO","PPAR","Progesterone","Androgen","Retinoic","Corticoid"
"PLXND1","PLXND1","DEG",-0.164453869632421,-0.629994671421812,0.010700450763746,"NO","NO","NO","NO","NO","Androgen","NO","NO"
"PODXL","PODXL","DEG",-0.562134859117822,-0.0623724796072927,0.00172956086444894,"NO","NO","Estrogen","NO","NO","NO","Retinoic","NO"
"POSTN","POSTN","DEG",-0.627172375605265,-2.49397346590605,0.000993791241006692,"NO","Thyroid","Estrogen","NO","Progesterone","NO","NO","NO"
"POU4F2","POU4F2","PsychencodeTF&DEG",0.395518794467662,-0.657705154528868,0.0326658420302039,"NO","NO","Estrogen","NO","NO","NO","NO","NO"
"PRDM16","PRDM16","PsychencodeTF",0.243105999603711,0.431469420297398,0.0266221411414178,"NO","Thyroid","NO","NO","NO","NO","NO","NO"
"PROM2","PROM2","DEG",-0.483278595216333,-0.548104224819031,0.00194806712180685,"NO","NO","Estrogen","NO","Progesterone","NO","NO","NO"
"PTCH2","PTCH2","DEG",-1.07668020025538,-0.998660322871019,0.0165465205332872,"NO","Thyroid","NO","NO","NO","NO","NO","NO"
"PTGES","PTGES","DEG",-0.415166087844605,-0.705848071889705,0.00119324661289048,"NO","NO","Estrogen","NO","NO","NO","Retinoic","NO"
"PTHLH","PTHLH","DEG",0.0736118858267713,1.11414706083453,0.0312195741289284,"NO","NO","Estrogen","NO","Progesterone","NO","NO","NO"
"RABAC1","RABAC1","DEG",0.310941658278264,0.500480348660053,0.00925825084647579,"NO","Thyroid","Estrogen","PPAR","Progesterone","NO","NO","Corticoid"
"RAD52","RAD52","DEG",-0.507115016201463,-0.469424028605952,0.00127908238295485,"NO","Thyroid","NO","NO","NO","NO","NO","NO"
"RBPMS","RBPMS","DEG",-0.170802792871547,-0.646108611308362,0.0114019217486277,"NO","Thyroid","Estrogen","NO","NO","NO","NO","NO"
"RELA","RELA","PsychencodeTF",0.0428133461010799,0.13564191678651,0.04306753263541,"NO","Thyroid","NO","NO","Progesterone","Androgen","NO","Corticoid"
"RERG","RERG","DEG",0.588381613494822,-0.3326037177879,0.0477650239405871,"NO","Thyroid","Estrogen","NO","NO","NO","NO","NO"
"RFX5","RFX5","PsychencodeTF",-0.149819885565329,-0.277358620409869,0.00806620323534747,"NO","NO","Estrogen","PPAR","NO","NO","Retinoic","NO"
"RGS10","RGS10","DEG",0.162154383242674,-0.896529874124937,0.0372087758138121,"NO","Thyroid","Estrogen","PPAR","NO","Androgen","Retinoic","Corticoid"
"RHOF","RHOF","DEG",0.183625591734369,0.715971596045201,0.0185342185483846,"NO","NO","NO","PPAR","NO","NO","NO","NO"
"RIBC2","RIBC2","DEG",-0.30659794902181,0.525694532265161,0.0113367525386081,"NO","NO","Estrogen","NO","NO","Androgen","NO","NO"
"RMI2","RMI2","DEG",0.505698979844483,0.136172371822889,0.0377572934650956,"NO","NO","NO","NO","NO","NO","Retinoic","NO"
"ROPN1L","ROPN1L","DEG",-0.0843151757151438,0.850296654022096,0.0406559524664585,"NO","Thyroid","NO","NO","NO","NO","NO","NO"
"RPLP1","RPLP1","DEG",0.214123615207517,0.588863062648015,0.0416094244828986,"NO","Thyroid","Estrogen","NO","NO","NO","NO","NO"
"RPS15A","RPS15A","DEG",-0.318815835247253,-0.228663204982052,0.00517814756164758,"NO","Thyroid","NO","NO","NO","NO","NO","NO"
"RUNX1","RUNX1","DEG",0.389656553235118,-0.793374866099189,0.0262050751823174,"NO","NO","Estrogen","NO","NO","NO","NO","NO"
"S1PR3","S1PR3","DEG",0.207693462868085,0.801589013743214,0.00796247350056941,"NO","Thyroid","Estrogen","NO","NO","NO","NO","Corticoid"
"SALL4","SALL4","DEG",-0.309178249333693,-0.914568963569872,0.0226152037311354,"NO","NO","Estrogen","NO","NO","NO","NO","NO"
"SAT1","SAT1","DEG",-0.689759857996422,-0.218655655903328,0.00273697767710921,"NO","Thyroid","Estrogen","NO","Progesterone","Androgen","Retinoic","Corticoid"
"SCIN","SCIN","DEG",-0.897438510116257,0.27397543697774,0.0396135053251309,"NO","NO","Estrogen","NO","NO","Androgen","NO","NO"
"SEMA3A","SEMA3A","DEG",-0.0832614838935333,-0.625372575063252,0.0251243056183106,"NO","Thyroid","Estrogen","PPAR","NO","NO","NO","NO"
"SEMA3E","SEMA3E","DEG",0.142133965550698,-0.761620086207425,0.0115035439102171,"NO","NO","NO","NO","Progesterone","NO","NO","NO"
"SERPINB9","SERPINB9","DEG",0.0869893507823516,-0.885797797329849,0.00106699356104667,"NO","Thyroid","Estrogen","NO","NO","NO","NO","NO"
"SGK2","SGK2","DEG",-0.558265594476453,-0.599522173567086,0.0435907121106919,"NO","Thyroid","Estrogen","NO","NO","NO","NO","NO"
"SH3TC2","SH3TC2","DEG",0.841960385598456,0.596740992388425,0.0209715799281685,"NO","NO","Estrogen","NO","NO","NO","Retinoic","NO"
"SIDT1","SIDT1","DEG",-0.514667368632571,-0.899649779788102,0.0338330796217085,"NO","NO","Estrogen","NO","NO","NO","NO","NO"
"SLC16A6","SLC16A6","DEG",-0.241301797419799,0.575115807372489,0.000840179899651478,"NO","Thyroid","Estrogen","PPAR","Progesterone","NO","Retinoic","Corticoid"
"SLC35F2","SLC35F2","DEG",0.792904202481192,0.283140192749014,0.00150310843640361,"NO","NO","Estrogen","NO","NO","NO","NO","NO"
"SLC6A1","SLC6A1","DEG",-0.210675339002939,-0.578226378950014,0.002909871861664,"YES","NO","Estrogen","NO","NO","NO","NO","NO"
"SLC8A1","SLC8A1","DEG",-0.584869014541011,-0.0984835120269058,0.00583628399148514,"YES","NO","Estrogen","NO","NO","NO","NO","NO"
"SLC9A4","SLC9A4","DEG",-0.479547888351676,-0.644142094985993,0.0159060518454157,"NO","Thyroid","NO","NO","NO","NO","NO","NO"
"SMIM5","SMIM5","DEG",-0.774446309998392,-0.600871116147106,0.0140726293550013,"NO","NO","Estrogen","NO","NO","NO","NO","NO"
"SNAI1","SNAI1","PsychencodeTF&DEG",0.0545433234358656,-0.541419583116797,0.0120667406550169,"NO","Thyroid","NO","PPAR","Progesterone","NO","NO","NO"
"SNAI2","SNAI2","PsychencodeTF&DEG",-0.135458250531502,-0.932039325864206,0.0237644463235054,"NO","Thyroid","Estrogen","NO","NO","NO","NO","NO"
"SOD3","SOD3","DEG",0.0666950376034523,0.946597917240904,0.0450345100235673,"NO","Thyroid","NO","NO","NO","NO","NO","NO"
"SOX10","SOX10","PsychencodeTF&DEG",-0.711143777154578,-1.40890034865538,0.00253024755554853,"NO","NO","NO","NO","Progesterone","NO","NO","NO"
"SOX9","SOX9","PsychencodeTF",0.326612182076027,0.380690548528021,0.0224030541508607,"NO","Thyroid","NO","NO","NO","NO","Retinoic","Corticoid"
"SP5","SP5","PsychencodeTF&DEG",0.942261223074879,0.590563188917822,0.000534755878262269,"NO","Thyroid","NO","NO","NO","NO","NO","NO"
"SPARCL1","SPARCL1","DEG",0.285177702547413,-0.594964701334972,0.00144282402790166,"YES","NO","Estrogen","NO","NO","NO","NO","NO"
"SPHKAP","SPHKAP","DEG",-0.170851943788246,-1.50048676997207,0.00223279089791041,"NO","Thyroid","NO","NO","NO","NO","NO","NO"
"SREBF1","SREBF1","PsychencodeTF",0.0700592232221859,0.243214932303609,0.0108409002069748,"NO","NO","Estrogen","PPAR","Progesterone","NO","Retinoic","Corticoid"
"STAG3L1","STAG3L1","DEG",-0.685405683776369,-0.686129036643806,0.0169462503500667,"NO","NO","Estrogen","NO","NO","NO","NO","NO"
"STAT2","STAT2","PsychencodeTF",-0.23953640075815,-0.231567077391035,0.0240047798203982,"YES","Thyroid","Estrogen","NO","NO","NO","NO","NO"
"TACC3","TACC3","DEG",0.652504603576135,0.727787430359096,0.0299304460635601,"NO","Thyroid","Estrogen","NO","NO","Androgen","NO","Corticoid"
"TENM3","TENM3","DEG",0.569718274734729,0.436667973713896,0.00107252297327375,"YES","Thyroid","NO","NO","NO","NO","NO","NO"
"TFDP1","TFDP1","PsychencodeTF",0.201508021636873,0.190510995788071,0.0337283180941395,"NO","Thyroid","Estrogen","PPAR","NO","NO","Retinoic","Corticoid"
"TFPI","TFPI","DEG",0.132745144675113,-0.570880792049009,0.0211046606803789,"NO","Thyroid","Estrogen","NO","Progesterone","NO","Retinoic","NO"
"TGFB2","TGFB2","DEG",0.666073998084611,0.538769869796921,0.0027001940758856,"NO","Thyroid","Estrogen","NO","Progesterone","NO","NO","NO"
"TGM1","TGM1","DEG",-0.766146397741939,-0.65144800757696,0.023560157084707,"YES","Thyroid","NO","NO","NO","NO","NO","NO"
"TH","TH","DEG",0.317341827487182,-0.566752171147801,0.00164487997582941,"YES","NO","Estrogen","NO","NO","NO","NO","Corticoid"
"THBS1","THBS1","DEG",-0.558582022182618,-0.127540714333524,0.0316627215425681,"YES","Thyroid","NO","NO","Progesterone","Androgen","NO","NO"
"TLE2","TLE2","DEG",-0.323516447597374,-0.822431505724464,0.026085166052587,"NO","NO","Estrogen","NO","NO","NO","Retinoic","NO"
"TM4SF1","TM4SF1","DEG",0.53726292941247,-0.278085601702988,0.019974026622754,"NO","NO","Estrogen","NO","Progesterone","NO","NO","Corticoid"
"TMEFF2","TMEFF2","DEG",0.206760228888835,-0.602794875386714,0.000224932094635943,"YES","NO","NO","NO","NO","Androgen","NO","NO"
"TNFRSF25","TNFRSF25","DEG",-0.611497409909829,-0.652058341237613,0.0163571299935814,"NO","Thyroid","NO","NO","NO","NO","NO","NO"
"TPGS1","TPGS1","DEG",1.31819098661005,1.24630695208178,0.0369402790372943,"NO","NO","Estrogen","NO","NO","NO","NO","NO"
"TRAPPC5","TRAPPC5","DEG",0.581383265535418,0.593118708528309,0.0408613030437936,"NO","NO","Estrogen","NO","NO","NO","NO","NO"
"TRIL","TRIL","DEG",0.850296660742963,0.23815344476355,0.00187818503848571,"NO","NO","Estrogen","NO","NO","NO","NO","NO"
"TSNAXIP1","TSNAXIP1","DEG",-0.584588457167623,-0.352233789756161,0.0227099091022657,"NO","NO","NO","NO","NO","Androgen","NO","NO"
"TTYH3","TTYH3","DEG",0.375147665772667,0.524040521297192,0.00769871500476951,"NO","Thyroid","NO","NO","NO","NO","NO","Corticoid"
"TWIST1","TWIST1","DEG",-0.0714762104482882,-1.39517291791241,0.0304693649306935,"NO","Thyroid","NO","NO","NO","NO","NO","NO"
"TXN2","TXN2","DEG",0.238239199363567,0.541762322050727,0.0308631230305469,"NO","Thyroid","NO","NO","NO","NO","NO","NO"
"TYMS","TYMS","DEG",0.443327360350589,0.517562406018574,0.0396135053251309,"NO","Thyroid","Estrogen","PPAR","Progesterone","NO","NO","Corticoid"
"USP6","USP6","DEG",-0.518301643815809,-0.493535842293208,0.026085166052587,"NO","Thyroid","NO","NO","NO","NO","NO","NO"
"VIPR2","VIPR2","DEG",-0.140742348888102,-0.777192125500756,0.00878281857264891,"NO","NO","Estrogen","NO","NO","NO","NO","NO"
"WFDC2","WFDC2","DEG",0.413385078796987,0.955957834124166,0.0225882180107447,"NO","Thyroid","NO","NO","NO","NO","NO","NO"
"WNT10B","WNT10B","DEG",-0.0680960625322322,-0.880285345087491,0.00640476628931998,"NO","NO","NO","NO","NO","NO","Retinoic","NO"
"WSB1","WSB1","DEG",-0.562357615857009,-0.464497280436176,0.000365068056502048,"NO","Thyroid","NO","NO","NO","Androgen","NO","NO"
"XDH","XDH","DEG",-0.532514049019781,-0.51573478956978,0.0144682100723212,"NO","Thyroid","NO","NO","Progesterone","NO","NO","NO"
"ZBTB7A","ZBTB7A","PsychencodeTF",0.239967001466287,0.340341531511731,0.0496103882321382,"NO","NO","NO","NO","NO","Androgen","NO","NO"
"ZFHX3","ZFHX3","PsychencodeTF",0.11892834211551,-0.163301911055503,0.0312195741289284,"YES","Thyroid","NO","NO","NO","NO","NO","NO"
"ZNF219","ZNF219","PsychencodeTF",0.252740077847568,0.250665936263086,0.0432884333364317,"YES","Thyroid","NO","NO","NO","NO","NO","NO"
